<?xml version="1.0" encoding="UTF-8"?>
<metadata xml:lang="fr"><Esri><CreaDate>20190121</CreaDate><CreaTime>16553500</CreaTime><ArcGISFormat>1.0</ArcGISFormat><SyncOnce>FALSE</SyncOnce><DataProperties><lineage><Process ToolSource="c:\program files (x86)\arcgis\desktop10.5\ArcToolbox\Toolboxes\Data Management Tools.tbx\CalculateField" Date="20180910" Time="101018">CalculateField "RDC_zones de santé" ZSCode "CD3204ZS03" VB #</Process><Process ToolSource="c:\program files (x86)\arcgis\desktop10.5\ArcToolbox\Toolboxes\Data Management Tools.tbx\CalculateField" Date="20180910" Time="101131">CalculateField "RDC_zones de santé" ZSCode "CD5209ZS01" VB #</Process><Process ToolSource="c:\program files (x86)\arcgis\desktop10.5\ArcToolbox\Toolboxes\Conversion Tools.tbx\FeatureClassToFeatureClass" Date="20180910" Time="112304">FeatureClassToFeatureClass "C:\GSDI_Cod_Cod\02_base_map\_0204_Santé_2011_USUEL\RDC_zones de santé.shp" "C:\GSDI_Cod_Cod\02_base_map\_0204_Santé_2011_USUEL\Correction ZS.mdb\Correction ZS" ZS_Topologie # "OBJECTID "OBJECTID" true true false 10 Long 0 10 ,First,#,C:\GSDI_Cod_Cod\02_base_map\_0204_Santé_2011_USUEL\RDC_zones de santé.shp,OBJECTID,-1,-1;ID "ID" true true false 10 Long 0 10 ,First,#,C:\GSDI_Cod_Cod\02_base_map\_0204_Santé_2011_USUEL\RDC_zones de santé.shp,ID,-1,-1;PAYS "PAYS" true true false 32 Text 0 0 ,First,#,C:\GSDI_Cod_Cod\02_base_map\_0204_Santé_2011_USUEL\RDC_zones de santé.shp,PAYS,-1,-1;PROVINCE "PROVINCE" true true false 16 Text 0 0 ,First,#,C:\GSDI_Cod_Cod\02_base_map\_0204_Santé_2011_USUEL\RDC_zones de santé.shp,PROVINCE,-1,-1;TERRITOIRE "TERRITOIRE" true true false 27 Text 0 0 ,First,#,C:\GSDI_Cod_Cod\02_base_map\_0204_Santé_2011_USUEL\RDC_zones de santé.shp,TERRITOIRE,-1,-1;SCE_GEO "SCE_GEO" true true false 12 Text 0 0 ,First,#,C:\GSDI_Cod_Cod\02_base_map\_0204_Santé_2011_USUEL\RDC_zones de santé.shp,SCE_GEO,-1,-1;Area "Area" true true false 19 Double 11 18 ,First,#,C:\GSDI_Cod_Cod\02_base_map\_0204_Santé_2011_USUEL\RDC_zones de santé.shp,Area,-1,-1;Nom "Nom" true true false 50 Text 0 0 ,First,#,C:\GSDI_Cod_Cod\02_base_map\_0204_Santé_2011_USUEL\RDC_zones de santé.shp,Nom,-1,-1;ZSCode "ZSCode" true true false 10 Text 0 0 ,First,#,C:\GSDI_Cod_Cod\02_base_map\_0204_Santé_2011_USUEL\RDC_zones de santé.shp,ZSCode,-1,-1;cle "cle" true true false 50 Text 0 0 ,First,#,C:\GSDI_Cod_Cod\02_base_map\_0204_Santé_2011_USUEL\RDC_zones de santé.shp,cle,-1,-1;Modif_par "Modif_par" true true false 100 Text 0 0 ,First,#,C:\GSDI_Cod_Cod\02_base_map\_0204_Santé_2011_USUEL\RDC_zones de santé.shp,Modif_par,-1,-1;Modif_date "Modif_date" true true false 100 Text 0 0 ,First,#,C:\GSDI_Cod_Cod\02_base_map\_0204_Santé_2011_USUEL\RDC_zones de santé.shp,Modif_date,-1,-1" #</Process><Process ToolSource="c:\program files (x86)\arcgis\desktop10.6\ArcToolbox\Toolboxes\Conversion Tools.tbx\FeatureClassToFeatureClass" Date="20190102" Time="114826">FeatureClassToFeatureClass "C:\donne sig\zone de sante(ZS)\RDC_Zone_de_sante_092018.shp" "C:\donne sig\ZONE -SANTE.gdb" RDC_zone_sante # "OBJECTID_1 "OBJECTID_1" true true false 10 Long 0 10 ,First,#,C:\donne sig\zone de sante(ZS)\RDC_Zone_de_sante_092018.shp,OBJECTID_1,-1,-1;OBJECTID "OBJECTID" true true false 10 Long 0 10 ,First,#,C:\donne sig\zone de sante(ZS)\RDC_Zone_de_sante_092018.shp,OBJECTID,-1,-1;ID "ID" true true false 10 Long 0 10 ,First,#,C:\donne sig\zone de sante(ZS)\RDC_Zone_de_sante_092018.shp,ID,-1,-1;PAYS "PAYS" true true false 32 Text 0 0 ,First,#,C:\donne sig\zone de sante(ZS)\RDC_Zone_de_sante_092018.shp,PAYS,-1,-1;PROVINCE "PROVINCE" true true false 16 Text 0 0 ,First,#,C:\donne sig\zone de sante(ZS)\RDC_Zone_de_sante_092018.shp,PROVINCE,-1,-1;SCE_GEO "SCE_GEO" true true false 12 Text 0 0 ,First,#,C:\donne sig\zone de sante(ZS)\RDC_Zone_de_sante_092018.shp,SCE_GEO,-1,-1;Area "Area" true true false 19 Double 0 0 ,First,#,C:\donne sig\zone de sante(ZS)\RDC_Zone_de_sante_092018.shp,Area,-1,-1;Nom "Nom" true true false 50 Text 0 0 ,First,#,C:\donne sig\zone de sante(ZS)\RDC_Zone_de_sante_092018.shp,Nom,-1,-1;ZSCode "ZSCode" true true false 10 Text 0 0 ,First,#,C:\donne sig\zone de sante(ZS)\RDC_Zone_de_sante_092018.shp,ZSCode,-1,-1;Modif_par "Modif_par" true true false 100 Text 0 0 ,First,#,C:\donne sig\zone de sante(ZS)\RDC_Zone_de_sante_092018.shp,Modif_par,-1,-1;Modif_date "Modif_date" true true false 100 Text 0 0 ,First,#,C:\donne sig\zone de sante(ZS)\RDC_Zone_de_sante_092018.shp,Modif_date,-1,-1;Shape_Leng "Shape_Leng" true true false 19 Double 0 0 ,First,#,C:\donne sig\zone de sante(ZS)\RDC_Zone_de_sante_092018.shp,Shape_Leng,-1,-1;Shape_Area "Shape_Area" true true false 19 Double 0 0 ,First,#,C:\donne sig\zone de sante(ZS)\RDC_Zone_de_sante_092018.shp,Shape_Area,-1,-1;Fiabilite "Fiabilite" true true false 20 Text 0 0 ,First,#,C:\donne sig\zone de sante(ZS)\RDC_Zone_de_sante_092018.shp,Fiabilite,-1,-1;Pcode_Mins "Pcode_Mins" true true false 15 Text 0 0 ,First,#,C:\donne sig\zone de sante(ZS)\RDC_Zone_de_sante_092018.shp,Pcode_Mins,-1,-1;Population "Population" true true false 10 Long 0 10 ,First,#,C:\donne sig\zone de sante(ZS)\RDC_Zone_de_sante_092018.shp,Population,-1,-1" #</Process><Process ToolSource="c:\program files (x86)\arcgis\desktop10.6\ArcToolbox\Toolboxes\Data Management Tools.tbx\CalculateField" Date="20190828" Time="184240">CalculateField RDC_Zone_de_sante_04012019 ADM2 LEFT( [ZSCode],6) VB #</Process></lineage><itemProps><itemName Sync="TRUE">RDC_zone_sante</itemName><imsContentType Sync="TRUE">002</imsContentType><itemLocation><linkage Sync="TRUE">file://\\OCHAWKSCOD32215\C$\donne sig\ZONE -SANTE.gdb</linkage><protocol Sync="TRUE">Local Area Network</protocol></itemLocation></itemProps><coordRef><type Sync="TRUE">Geographic</type><geogcsn Sync="TRUE">GCS_WGS_1984</geogcsn><csUnits Sync="TRUE">Angular Unit: Degree (0.017453)</csUnits><peXml Sync="TRUE">&lt;GeographicCoordinateSystem xsi:type='typens:GeographicCoordinateSystem' xmlns:xsi='http://www.w3.org/2001/XMLSchema-instance' xmlns:xs='http://www.w3.org/2001/XMLSchema' xmlns:typens='http://www.esri.com/schemas/ArcGIS/10.6'&gt;&lt;WKT&gt;GEOGCS[&amp;quot;GCS_WGS_1984&amp;quot;,DATUM[&amp;quot;D_WGS_1984&amp;quot;,SPHEROID[&amp;quot;WGS_1984&amp;quot;,6378137.0,298.257223563]],PRIMEM[&amp;quot;Greenwich&amp;quot;,0.0],UNIT[&amp;quot;Degree&amp;quot;,0.0174532925199433],AUTHORITY[&amp;quot;EPSG&amp;quot;,4326]]&lt;/WKT&gt;&lt;XOrigin&gt;-399.99999999999989&lt;/XOrigin&gt;&lt;YOrigin&gt;-399.99999999999989&lt;/YOrigin&gt;&lt;XYScale&gt;1111948722.2222221&lt;/XYScale&gt;&lt;ZOrigin&gt;-100000&lt;/ZOrigin&gt;&lt;ZScale&gt;10000&lt;/ZScale&gt;&lt;MOrigin&gt;-100000&lt;/MOrigin&gt;&lt;MScale&gt;10000&lt;/MScale&gt;&lt;XYTolerance&gt;8.9831528411952133e-09&lt;/XYTolerance&gt;&lt;ZTolerance&gt;0.001&lt;/ZTolerance&gt;&lt;MTolerance&gt;0.001&lt;/MTolerance&gt;&lt;HighPrecision&gt;true&lt;/HighPrecision&gt;&lt;LeftLongitude&gt;-180&lt;/LeftLongitude&gt;&lt;WKID&gt;4326&lt;/WKID&gt;&lt;LatestWKID&gt;4326&lt;/LatestWKID&gt;&lt;/GeographicCoordinateSystem&gt;</peXml></coordRef></DataProperties><SyncDate>20190102</SyncDate><SyncTime>11482500</SyncTime><ModDate>20190102</ModDate><ModTime>11482500</ModTime></Esri><dataIdInfo><envirDesc Sync="TRUE"> Version 6.2 (Build 9200) ; Esri ArcGIS 10.6.1.9270</envirDesc><dataLang><languageCode value="fra" Sync="TRUE"></languageCode><countryCode value="BEL" Sync="TRUE"></countryCode></dataLang><idCitation><resTitle Sync="TRUE">RDC_zone_sante</resTitle><presForm><PresFormCd value="005" Sync="TRUE"></PresFormCd></presForm></idCitation><spatRpType><SpatRepTypCd value="001" Sync="TRUE"></SpatRepTypCd></spatRpType></dataIdInfo><mdLang><languageCode value="fra" Sync="TRUE"></languageCode><countryCode value="BEL" Sync="TRUE"></countryCode></mdLang><distInfo><distFormat><formatName Sync="TRUE">Classe d’entités de géodatabase fichier</formatName></distFormat></distInfo><mdHrLv><ScopeCd value="005" Sync="TRUE"></ScopeCd></mdHrLv><mdHrLvName Sync="TRUE">dataset</mdHrLvName><refSysInfo><RefSystem><refSysID><identCode code="4326" Sync="TRUE"></identCode><idCodeSpace Sync="TRUE">EPSG</idCodeSpace><idVersion Sync="TRUE">6.14(3.0.1)</idVersion></refSysID></RefSystem></refSysInfo><spatRepInfo><VectSpatRep><geometObjs Name="RDC_zone_sante"><geoObjTyp><GeoObjTypCd value="002" Sync="TRUE"></GeoObjTypCd></geoObjTyp><geoObjCnt Sync="TRUE">0</geoObjCnt></geometObjs><topLvl><TopoLevCd value="001" Sync="TRUE"></TopoLevCd></topLvl></VectSpatRep></spatRepInfo><spdoinfo><ptvctinf><esriterm Name="RDC_zone_sante"><efeatyp Sync="TRUE">Simple</efeatyp><efeageom code="4" Sync="TRUE"></efeageom><esritopo Sync="TRUE">FALSE</esritopo><efeacnt Sync="TRUE">0</efeacnt><spindex Sync="TRUE">TRUE</spindex><linrefer Sync="TRUE">FALSE</linrefer></esriterm></ptvctinf></spdoinfo><eainfo><detailed Name="RDC_zone_sante"><enttyp><enttypl Sync="TRUE">RDC_zone_sante</enttypl><enttypt Sync="TRUE">Feature Class</enttypt><enttypc Sync="TRUE">0</enttypc></enttyp><attr><attrlabl Sync="TRUE">OBJECTID_12</attrlabl><attalias Sync="TRUE">OBJECTID_12</attalias><attrtype Sync="TRUE">OID</attrtype><attwidth Sync="TRUE">4</attwidth><atprecis Sync="TRUE">0</atprecis><attscale Sync="TRUE">0</attscale><attrdef Sync="TRUE">Internal feature number.</attrdef><attrdefs Sync="TRUE">Esri</attrdefs><attrdomv><udom Sync="TRUE">Sequential unique whole numbers that are automatically generated.</udom></attrdomv></attr><attr><attrlabl Sync="TRUE">OBJECTID_1</attrlabl><attalias Sync="TRUE">OBJECTID_1</attalias><attrtype Sync="TRUE">Integer</attrtype><attwidth Sync="TRUE">4</attwidth><atprecis Sync="TRUE">0</atprecis><attscale Sync="TRUE">0</attscale><attrdef Sync="TRUE">Internal feature number.</attrdef><attrdefs Sync="TRUE">Esri</attrdefs><attrdomv><udom Sync="TRUE">Sequential unique whole numbers that are automatically generated.</udom></attrdomv></attr><attr><attrlabl Sync="TRUE">Shape</attrlabl><attalias Sync="TRUE">Shape</attalias><attrtype Sync="TRUE">Geometry</attrtype><attwidth Sync="TRUE">0</attwidth><atprecis Sync="TRUE">0</atprecis><attscale Sync="TRUE">0</attscale><attrdef Sync="TRUE">Feature geometry.</attrdef><attrdefs Sync="TRUE">Esri</attrdefs><attrdomv><udom Sync="TRUE">Coordinates defining the features.</udom></attrdomv></attr><attr><attrlabl Sync="TRUE">OBJECTID</attrlabl><attalias Sync="TRUE">OBJECTID</attalias><attrtype Sync="TRUE">Integer</attrtype><attwidth Sync="TRUE">4</attwidth><atprecis Sync="TRUE">0</atprecis><attscale Sync="TRUE">0</attscale></attr><attr><attrlabl Sync="TRUE">ID</attrlabl><attalias Sync="TRUE">ID</attalias><attrtype Sync="TRUE">Integer</attrtype><attwidth Sync="TRUE">4</attwidth><atprecis Sync="TRUE">0</atprecis><attscale Sync="TRUE">0</attscale></attr><attr><attrlabl Sync="TRUE">PAYS</attrlabl><attalias Sync="TRUE">PAYS</attalias><attrtype Sync="TRUE">String</attrtype><attwidth Sync="TRUE">32</attwidth><atprecis Sync="TRUE">0</atprecis><attscale Sync="TRUE">0</attscale></attr><attr><attrlabl Sync="TRUE">PROVINCE</attrlabl><attalias Sync="TRUE">PROVINCE</attalias><attrtype Sync="TRUE">String</attrtype><attwidth Sync="TRUE">16</attwidth><atprecis Sync="TRUE">0</atprecis><attscale Sync="TRUE">0</attscale></attr><attr><attrlabl Sync="TRUE">SCE_GEO</attrlabl><attalias Sync="TRUE">SCE_GEO</attalias><attrtype Sync="TRUE">String</attrtype><attwidth Sync="TRUE">12</attwidth><atprecis Sync="TRUE">0</atprecis><attscale Sync="TRUE">0</attscale></attr><attr><attrlabl Sync="TRUE">Area</attrlabl><attalias Sync="TRUE">Area</attalias><attrtype Sync="TRUE">Double</attrtype><attwidth Sync="TRUE">8</attwidth><atprecis Sync="TRUE">0</atprecis><attscale Sync="TRUE">0</attscale></attr><attr><attrlabl Sync="TRUE">Nom</attrlabl><attalias Sync="TRUE">Nom</attalias><attrtype Sync="TRUE">String</attrtype><attwidth Sync="TRUE">50</attwidth><atprecis Sync="TRUE">0</atprecis><attscale Sync="TRUE">0</attscale></attr><attr><attrlabl Sync="TRUE">ZSCode</attrlabl><attalias Sync="TRUE">ZSCode</attalias><attrtype Sync="TRUE">String</attrtype><attwidth Sync="TRUE">10</attwidth><atprecis Sync="TRUE">0</atprecis><attscale Sync="TRUE">0</attscale></attr><attr><attrlabl Sync="TRUE">Modif_par</attrlabl><attalias Sync="TRUE">Modif_par</attalias><attrtype Sync="TRUE">String</attrtype><attwidth Sync="TRUE">100</attwidth><atprecis Sync="TRUE">0</atprecis><attscale Sync="TRUE">0</attscale></attr><attr><attrlabl Sync="TRUE">Modif_date</attrlabl><attalias Sync="TRUE">Modif_date</attalias><attrtype Sync="TRUE">String</attrtype><attwidth Sync="TRUE">100</attwidth><atprecis Sync="TRUE">0</atprecis><attscale Sync="TRUE">0</attscale></attr><attr><attrlabl Sync="TRUE">Shape_Leng</attrlabl><attalias Sync="TRUE">Shape_Leng</attalias><attrtype Sync="TRUE">Double</attrtype><attwidth Sync="TRUE">8</attwidth><atprecis Sync="TRUE">0</atprecis><attscale Sync="TRUE">0</attscale></attr><attr><attrlabl Sync="TRUE">Fiabilite</attrlabl><attalias Sync="TRUE">Fiabilite</attalias><attrtype Sync="TRUE">String</attrtype><attwidth Sync="TRUE">20</attwidth><atprecis Sync="TRUE">0</atprecis><attscale Sync="TRUE">0</attscale></attr><attr><attrlabl Sync="TRUE">Pcode_Mins</attrlabl><attalias Sync="TRUE">Pcode_Mins</attalias><attrtype Sync="TRUE">String</attrtype><attwidth Sync="TRUE">15</attwidth><atprecis Sync="TRUE">0</atprecis><attscale Sync="TRUE">0</attscale></attr><attr><attrlabl Sync="TRUE">Population</attrlabl><attalias Sync="TRUE">Population</attalias><attrtype Sync="TRUE">Integer</attrtype><attwidth Sync="TRUE">4</attwidth><atprecis Sync="TRUE">0</atprecis><attscale Sync="TRUE">0</attscale></attr><attr><attrlabl Sync="TRUE">Shape_Length</attrlabl><attalias Sync="TRUE">Shape_Length</attalias><attrtype Sync="TRUE">Double</attrtype><attwidth Sync="TRUE">8</attwidth><atprecis Sync="TRUE">0</atprecis><attscale Sync="TRUE">0</attscale><attrdef Sync="TRUE">Length of feature in internal units.</attrdef><attrdefs Sync="TRUE">Esri</attrdefs><attrdomv><udom Sync="TRUE">Positive real numbers that are automatically generated.</udom></attrdomv></attr><attr><attrlabl Sync="TRUE">Shape_Area</attrlabl><attalias Sync="TRUE">Shape_Area</attalias><attrtype Sync="TRUE">Double</attrtype><attwidth Sync="TRUE">8</attwidth><atprecis Sync="TRUE">0</atprecis><attscale Sync="TRUE">0</attscale><attrdef Sync="TRUE">Area of feature in internal units squared.</attrdef><attrdefs Sync="TRUE">Esri</attrdefs><attrdomv><udom Sync="TRUE">Positive real numbers that are automatically generated.</udom></attrdomv></attr></detailed></eainfo><mdDateSt Sync="TRUE">20190102</mdDateSt></metadata>
